Store_ID,Email,Password,Street,City,State,PhoneNumber
2153,bbadland0@php.net,BNycI3tk,400 Oxford Exchange Blvd,Oxford,AL,(256) 231-2900
1499,aseebert1@unblog.fr,VYOQi3MS4T0E,2640 Enterprise Dr,Opelika,AL,(334) 705-0152
1073,lchildes2@parallels.com,mGJ427YcEFT,1129 S Park St,Carrollton,GA,(770) 838-9221
1223,jchasles3@ucsd.edu,2jO0L8Ig,555 Bullsboro Dr,Newnan,GA,(770) 502-0294
1179,akruschov4@nasa.gov,8gwjJDzzLF,1591 Bradley Park Dr,Columbus,GA,(706) 321-0831
778,aharraway5@unblog.fr,cbYWX3eb9p,1654 Gadsden Hwy,Birmingham,AL,(205) 655-6950
1773,fgonnel6@japanpost.jp,tZD4qJyVm,5220 Jimmy Lee Smith Pkwy,Hiram,GA,(678) 567-0142
1400,atreadgold7@cnn.com,bkeOqyL9Ht,250 S Colonial Dr,Alabaster,AL,(205) 564-2608
2276,lcowe8@eepurl.com,IfOvcKNgDJ,3660 Marketplace Blvd,East Point,GA,(404) 267-0063
1546,gfittall9@gravatar.com,TwmPb5cnH,531 Brookwood Village,Homewood,AL,(205) 994-7531
2796,hsunnersa@wired.com,aBIA3fd,4125 Austell Rd,Austell,GA,(678) 945-4550
1164,lkuschab@sakura.ne.jp,1NGzAjv8Cyhn,5561 Grove Blvd,Birmingham,AL,(205) 747-1654
2503,blabbac@artisteer.com,xpqWvY0I4Xky,2535 Dallas Hwy SW,Marietta,GA,(770) 792-7933
1165,odwyerd@theglobeandmail.com,X5Qa0jzNDKKb,3489 Lowery Pkwy,Fultondale,AL,(205) 453-6032
2355,ccamerone@comsenz.com,ULugSumu,3378 Cobb Pkwy NW,Acworth,GA,(678) 202-0996
2091,bisaaksohnf@foxnews.com,wNekFyz7KK,1850 Jonesboro Rd,Mcdonough,GA,(678) 583-2184
1461,tbrandtsg@sbwire.com,2XOrbWDfNndK,375 18th St,Atlanta,GA,(678) 954-4265
2137,jbaynhamh@time.com,TNLrRrjVs2oz,2201 Cobb Pkwy SE,Smyrna,GA,(770) 952-2241
373,elundbergi@canalblog.com,oOag4fT1GZnn,1275 Caroline St NE,Atlanta,GA,(404) 260-0200
1964,nteresej@whitehouse.gov,lJVK06ml9D7,4889 Promenade Pkwy,Bessemer,AL,(205) 565-3760
2375,apoppletonk@tripadvisor.com,6SauSEMkziim,740 Ernest W Barrett Pkwy NW,Kennesaw,GA,(770) 425-6895
981,hrawdalesl@linkedin.com,Dz75NltA1ZUo,2539 Piedmont Rd NE,Atlanta,GA,(404) 720-1081
2171,lharrowingm@barnesandnoble.com,HKYIRCDz,100 Cherokee Pl,Cartersville,GA,(770) 387-9595
969,lsplevingn@joomla.org,nZrvOj8In,3535 Peachtree Rd NE,Atlanta,GA,(404) 237-9494
1197,jvannso@diigo.com,DtYt2Okdbm,2400 N Druid Hills Rd NE,Atlanta,GA,(404) 267-0060
1486,pcraykp@ucla.edu,yEa8Kt17,5570 Roswell Rd,Sandy Springs,GA,(678) 704-8120
2333,twindleyq@slate.com,riiabiV1P,1401 Johnson Ferry Rd,Marietta,GA,(770) 240-0005
2121,kpattlelr@gov.uk,StifaHOf,140 Woodstock Square Ave,Woodstock,GA,(678) 494-5307
1780,pharrys@clickbank.net,Nd5HgfmfW,3040 Shallowford Rd,Marietta,GA,(770) 321-8545